expt_idx,start_time,end_time,link
26,2100-01-01 16:25:00,2100-01-01 16:25:05,NA
27,2100-01-01 16:26:06,2100-01-01 16:26:13,NA
28,2100-01-01 16:29:15,2100-01-01 16:29:27,NA
29,2100-01-01 16:31:29,2100-01-01 16:31:35,NA
30,2100-01-01 16:32:35,2100-01-01 16:32:41,NA
31,2100-01-01 16:34:10,2100-01-01 16:34:18,NA
32,2100-01-01 16:35:26,2100-01-01 16:35:36,NA
33,2100-01-01 16:36:50,2100-01-01 16:36:59,NA
34,2100-01-01 16:38:23,2100-01-01 16:38:32,NA
35,2100-01-01 16:39:52,2100-01-01 16:40:00,NA
36,2100-01-01 16:41:41,2100-01-01 16:41:50,NA
37,2100-01-01 16:43:06,2100-01-01 16:43:16,NA
38,2100-01-01 16:44:22,2100-01-01 16:44:31,NA
39,2100-01-01 16:45:40,2100-01-01 16:45:47,NA
40,2100-01-01 16:53:22,2100-01-01 16:53:28,NA
41,2100-01-01 16:54:33,2100-01-01 16:54:45,NA
42,2100-01-01 16:55:41,2100-01-01 16:55:49,NA
43,2100-01-01 16:58:34,2100-01-01 16:58:39,NA
44,2100-01-01 16:59:56,2100-01-01 17:00:05,NA
45,2100-01-01 17:01:07,2100-01-01 17:01:13,NA
46,2100-01-01 17:02:00,2100-01-01 17:02:12,NA
47,2100-01-01 17:03:23,2100-01-01 17:03:36,NA
48,2100-01-01 17:04:40,2100-01-01 17:04:49,NA
49,2100-01-01 17:05:56,2100-01-01 17:06:14,NA
50,2100-01-01 17:07:14,2100-01-01 17:07:20,NA
51,2100-01-01 17:08:13,2100-01-01 17:08:19,NA